Participant ID,Date,dpi,Key,Assay,Nucleic Acid,Viral Load,Viral Load Replicates,Equivocal,Sample Source,Experiment Number,,,
030-101,2018-07-23,0,91177,Lanciotti_ZIKV_universal,vRNA,0.0000,[0 ; 0],,Plasma,5707,,,
030-101,2018-07-24,1,91289,Lanciotti_ZIKV_universal,vRNA,221.6667,[0 ; 443],Equoivical,Plasma,5715,,,
030-101,2018-07-25,2,91268,Lanciotti_ZIKV_universal,vRNA,2013.3334,[1897 ; 2130],,Plasma,5715,,,
030-101,2018-07-26,3,91269,Lanciotti_ZIKV_universal,vRNA,26083.3340,[23300 ; 28867],,Plasma,5715,,,
030-101,2018-07-27,4,91290,Lanciotti_ZIKV_universal,vRNA,133333.3300,[127333 ; 139333],,Plasma,5715,,,
030-101,2018-07-28,5,91291,Lanciotti_ZIKV_universal,vRNA,35833.3320,[34333 ; 37333],,Plasma,5715,,,
030-101,2018-07-29,6,91292,Lanciotti_ZIKV_universal,vRNA,1826.6666,[1690 ; 1963],,Plasma,5715,,,
030-101,2018-07-30,7,96571,Lanciotti_ZIKV_universal,vRNA,82.8000,[20 ; 146],,Plasma,6031,,,
030-101,2018-07-31,8,91719,Lanciotti_ZIKV_universal,vRNA,535.0000,[430 ; 640],,Plasma,5738,,,
030-101,2018-08-01,9,92464,Lanciotti_ZIKV_universal,vRNA,1025.0000,[960 ; 1090],,Plasma,5793,,,
030-101,2018-08-02,10,92465,Lanciotti_ZIKV_universal,vRNA,408.3333,[360 ; 457],,Plasma,5793,,,
030-101,2018-08-07,15,92466,Lanciotti_ZIKV_universal,vRNA,67.3333,[0 ; 135],Equoivical,Plasma,5793,,,
030-101,2018-08-10,18,92467,Lanciotti_ZIKV_universal,vRNA,0.0000,[0 ; 0],,Plasma,5793,,,
030-101,2018-08-14,22,92468,Lanciotti_ZIKV_universal,vRNA,0.0000,[0 ; 0],,Plasma,5793,,,
030-101,2018-08-17,25,92469,Lanciotti_ZIKV_universal,vRNA,0.0000,[0 ; 0],,Plasma,5793,,,
030-101,2018-08-21,29,92470,Lanciotti_ZIKV_universal,vRNA,0.0000,[0 ; 0],,Plasma,5793,,,
030-101,2018-08-24,32,92756,Lanciotti_ZIKV_universal,vRNA,0.0000,[0 ; 0],,Plasma,5802,,,
030-101,2018-08-28,36,92757,Lanciotti_ZIKV_universal,vRNA,0.0000,[0 ; 0],,Plasma,5802,,,
030-101,2018-09-06,45,93124,Lanciotti_ZIKV_universal,vRNA,0.0000,[0 ; 0],,Plasma,5823,,,
030-101,2018-09-13,52,93568,Lanciotti_ZIKV_universal,vRNA,0.0000,[0 ; 0],,Plasma,5843,,,
030-101,2018-09-20,59,93828,Lanciotti_ZIKV_universal,vRNA,0.0000,[0 ; 0],,Plasma,5863,,,
030-101,2018-09-27,66,95023,Lanciotti_ZIKV_universal,vRNA,0.0000,[0 ; 0],,Plasma,5950,,,
030-101,2018-10-04,73,94372,Lanciotti_ZIKV_universal,vRNA,0.0000,[0 ; 0],,Plasma,5891,,,
030-101,2018-10-11,80,94597,Lanciotti_ZIKV_universal,vRNA,0.0000,[0 ; 0],,Plasma,5906,,,
030-101,2018-10-18,87,95155,Lanciotti_ZIKV_universal,vRNA,0.0000,[0 ; 0],,Plasma,5956,,,
030-101,2018-10-25,94,95926,Lanciotti_ZIKV_universal,vRNA,0.0000,[0 ; 0],,Plasma,6008,,,
030-101,2018-11-01,101,95927,Lanciotti_ZIKV_universal,vRNA,0.0000,[0 ; 0],,Plasma,6008,,,
030-101,2018-11-06,106,98355,Lanciotti_ZIKV_universal,vRNA,0.0000,[0 ; 0],,Plasma,6104,,,
030-102,2019-01-03,-4,102649,Lanciotti_Zika_assay,vRNA,0.0000,[0 ; 0],,Plasma,6362,,,
030-102,2019-01-07,0,102650,Lanciotti_Zika_assay,vRNA,0.0000,[0 ; 0],,Plasma,6362,,,
030-102,2019-01-07,0,101074,Lanciotti_ZIKV_universal,vRNA,0.0000,[0 ; 0],,Plasma,6282,,,
030-102,2019-01-08,1,102651,Lanciotti_Zika_assay,vRNA,0.0000,[0 ; 0],,Plasma,6362,,,
030-102,2019-01-08,1,101075,Lanciotti_ZIKV_universal,vRNA,0.0000,[0 ; 0],,Plasma,6282,,,
030-102,2019-01-09,2,102652,Lanciotti_Zika_assay,vRNA,29.3967,[22 ; 37],,Plasma,6362,,,
030-102,2019-01-10,3,102653,Lanciotti_Zika_assay,vRNA,12328.3330,[12287 ; 12370],,Plasma,6362,,,
030-102,2019-01-11,4,102654,Lanciotti_Zika_assay,vRNA,1236833.4000,[997333 ; 1476333],,Plasma,6362,,,
030-102,2019-01-12,5,102655,Lanciotti_Zika_assay,vRNA,4535000.0000,[3910000 ; 5160000],,Plasma,6362,,,
030-102,2019-01-13,6,102656,Lanciotti_Zika_assay,vRNA,95566.6640,[89767 ; 101367],,Plasma,6362,,,
030-102,2019-01-14,7,102657,Lanciotti_Zika_assay,vRNA,3953.3333,[3687 ; 4220],,Plasma,6362,,,
030-102,2019-01-15,8,102668,Lanciotti_Zika_assay,vRNA,3750.1667,[3134 ; 4367],,Plasma,6362,,,
030-102,2019-01-16,9,102669,Lanciotti_Zika_assay,vRNA,3814.6667,[3113 ; 4517],,Plasma,6362,,,
030-102,2019-01-17,10,102596,Lanciotti_ZIKV_universal,vRNA,10048.3330,[9873 ; 10223],,Plasma,6366,,,
030-102,2019-01-22,15,102597,Lanciotti_ZIKV_universal,vRNA,209.4833,[195 ; 224],,Plasma,6366,,,
030-102,2019-01-24,17,102598,Lanciotti_ZIKV_universal,vRNA,264.9667,[247 ; 283],,Plasma,6366,,,
030-102,2019-01-28,21,102599,Lanciotti_ZIKV_universal,vRNA,834.6667,[771 ; 898],,Plasma,6366,,,
030-102,2019-02-01,25,102600,Lanciotti_ZIKV_universal,vRNA,922.0000,[627 ; 1217],,Plasma,6366,,,
030-102,2019-02-04,28,102601,Lanciotti_ZIKV_universal,vRNA,341.2667,[285 ; 397],,Plasma,6366,,,
030-102,2019-02-07,31,102602,Lanciotti_ZIKV_universal,vRNA,33.5667,[27 ; 40],,Plasma,6366,,,
030-102,2019-02-11,35,102603,Lanciotti_ZIKV_universal,vRNA,186.5333,[182 ; 191],,Plasma,6366,,,
030-102,2019-02-14,38,102604,Lanciotti_ZIKV_universal,vRNA,193.0333,[177 ; 209],,Plasma,6366,,,
030-102,2019-02-21,45,105189,Lanciotti_ZIKV_universal,vRNA,134.1669,[0 ; 268],,Plasma,6448,,,
030-102,2019-02-25,49,105190,Lanciotti_ZIKV_universal,vRNA,596.6667,[450 ; 743],,Plasma,6448,,,
030-102,2019-02-28,52,105191,Lanciotti_ZIKV_universal,vRNA,90.3339,[0 ; 181],,Plasma,6448,,,
030-102,2019-03-04,56,105387,Lanciotti_ZIKV_universal,vRNA,343.0000,[146 ; 540],,Plasma,6452,,,
030-102,2019-03-07,59,105388,Lanciotti_ZIKV_universal,vRNA,129.5000,[122 ; 137],,Plasma,6452,,,
030-102,2019-03-11,63,106133,Lanciotti_ZIKV_universal,vRNA,0.0000,[0 ; 0],,Plasma,6496,,,
030-102,2019-03-14,66,106134,Lanciotti_ZIKV_universal,vRNA,15.2133,[15 ; 16],,Plasma,6496,,,
030-102,2019-03-18,70,107019,Lanciotti_ZIKV_universal,vRNA,332.3333,[265 ; 400],,Plasma,6537,,,
030-102,2019-03-21,73,107020,Lanciotti_ZIKV_universal,vRNA,166.0000,[165 ; 167],,Plasma,6537,,,
030-102,2019-03-25,77,107021,Lanciotti_ZIKV_universal,vRNA,285.3333,[266 ; 305],,Plasma,6537,,,
030-102,2019-03-28,80,108023,Lanciotti_ZIKV_universal,vRNA,0.0000,[0 ; 0],,Plasma,6577,,,
030-102,2019-04-01,84,108034,Lanciotti_ZIKV_universal,vRNA,0.0000,[0 ; 0],,Plasma,6577,,,
030-102,2019-04-04,87,108035,Lanciotti_ZIKV_universal,vRNA,0.0000,[0 ; 0],,Plasma,6577,,,
030-102,2019-04-08,91,108036,Lanciotti_ZIKV_universal,vRNA,50.5283,[24 ; 77],,Plasma,6577,,,
030-102,2019-04-11,94,109945,Lanciotti_ZIKV_universal,vRNA,0.0000,[0 ; 0],,Plasma,6650,,,
030-102,2019-04-15,98,109946,Lanciotti_ZIKV_universal,vRNA,0.0000,[0 ; 0],,Plasma,6650,,,
030-102,2019-04-18,101,109947,Lanciotti_ZIKV_universal,vRNA,0.0000,[0 ; 0],,Plasma,6650,,,
030-102,2019-04-25,108,109948,Lanciotti_ZIKV_universal,vRNA,0.0000,[0 ; 0],,Plasma,6650,,,
030-102,2019-04-29,112,109949,Lanciotti_ZIKV_universal,vRNA,0.0000,[0 ; 0],,Plasma,6650,,,
030-103,2019-03-25,0,107022,Lanciotti_ZIKV_universal,vRNA,0.0000,[0 ; 0],,Plasma,6537,,,
030-103,2019-03-26,1,107023,Lanciotti_ZIKV_universal,vRNA,85.1667,[0 ; 170],Equoivical,Plasma,6537,,,
030-103,2019-03-27,2,107024,Lanciotti_ZIKV_universal,vRNA,705.0000,[690 ; 720],,Plasma,6537,,,
030-103,2019-03-28,3,108014,Lanciotti_ZIKV_universal,vRNA,79950.0000,[74000 ; 85900],,Plasma,6577,,,
030-103,2019-03-29,4,108015,Lanciotti_ZIKV_universal,vRNA,869333.3000,[634000 ; 1104667],,Plasma,6577,,,
030-103,2019-03-30,5,108016,Lanciotti_ZIKV_universal,vRNA,801166.7000,[730667 ; 871667],,Plasma,6577,,,
030-103,2019-03-31,6,108017,Lanciotti_ZIKV_universal,vRNA,26121.6660,[20293 ; 31950],,Plasma,6577,,,
030-103,2019-04-01,7,108018,Lanciotti_ZIKV_universal,vRNA,1719.1666,[1644 ; 1795],,Plasma,6577,,,
030-103,2019-04-02,8,108019,Lanciotti_ZIKV_universal,vRNA,1829.0000,[1589 ; 2069],,Plasma,6577,,,
030-103,2019-04-03,9,108020,Lanciotti_ZIKV_universal,vRNA,2723.1667,[2402 ; 3045],,Plasma,6577,,,
030-103,2019-04-04,10,108021,Lanciotti_ZIKV_universal,vRNA,1748.1666,[1589 ; 1908],,Plasma,6577,,,
030-103,2019-04-08,14,108022,Lanciotti_ZIKV_universal,vRNA,55.5667,[39 ; 72],,Plasma,6577,,,
030-103,2019-04-11,17,109964,Lanciotti_ZIKV_universal,vRNA,0.0000,[0 ; 0],,Plasma,6650,,,
030-103,2019-04-15,21,109965,Lanciotti_ZIKV_universal,vRNA,0.0000,[0 ; 0],,Plasma,6650,,,
030-103,2019-04-18,24,109958,Lanciotti_ZIKV_universal,vRNA,0.0000,[0],,Plasma,6650,,,
030-103,2019-04-18,24,113798,Lanciotti_ZIKV_universal,vRNA,0.0000,[0 ; 0],,Plasma,6866,,,
030-103,2019-04-22,28,110850,Lanciotti_ZIKV_universal,vRNA,0.0000,[0 ; 0],,Plasma,6706,,,
030-103,2019-04-25,31,109967,Lanciotti_ZIKV_universal,vRNA,0.0000,[0 ; 0],,Plasma,6650,,,
030-103,2019-04-29,35,109968,Lanciotti_ZIKV_universal,vRNA,0.0000,[0 ; 0],,Plasma,6650,,,
030-103,2019-05-02,38,110851,Lanciotti_ZIKV_universal,vRNA,0.0000,[0 ; 0],,Plasma,6706,,,
030-103,2019-05-06,42,110856,Lanciotti_ZIKV_universal,vRNA,0.0000,[0 ; 0],,Plasma,6706,,,
030-103,2019-05-09,45,110853,Lanciotti_ZIKV_universal,vRNA,0.0000,[0],,Plasma,6706,,,
030-103,2019-05-09,45,113799,Lanciotti_ZIKV_universal,vRNA,0.0000,[0 ; 0],,Plasma,6866,,,
030-103,2019-05-09,45,112736,Lanciotti_ZIKV_universal,vRNA,0.0000,[0 ; 0],,Plasma,6789,,,
030-103,2019-05-13,49,110858,Lanciotti_ZIKV_universal,vRNA,0.0000,[0 ; 0],,Plasma,6706,,,
030-103,2019-05-16,52,111604,Lanciotti_ZIKV_universal,vRNA,0.0000,[0 ; 0],,Plasma,6744,,,
030-103,2019-05-23,59,111605,Lanciotti_ZIKV_universal,vRNA,0.0000,[0 ; 0],,Plasma,6744,,,
030-103,2019-05-30,66,112782,Lanciotti_ZIKV_universal,vRNA,0.0000,[0 ; 0],,Plasma,6789,,,
030-103,2019-06-06,73,112783,Lanciotti_ZIKV_universal,vRNA,0.0000,[0 ; 0],,Plasma,6789,,,
030-103,2019-06-13,80,112696,Lanciotti_ZIKV_universal,vRNA,0.0000,[0 ; 0],,Plasma,6804,,,
030-103,2019-06-20,87,113355,Lanciotti_ZIKV_universal,vRNA,0.0000,[0 ; 0],,Plasma,6849,,,
030-103,2019-06-27,94,113356,Lanciotti_ZIKV_universal,vRNA,0.0000,[0 ; 0],,Plasma,6849,,,
030-103,2019-07-03,100,113922,Lanciotti_ZIKV_universal,vRNA,0.0000,[0 ; 0],,Plasma,6872,,,
030-103,2019-07-11,108,115446,Lanciotti_ZIKV_universal,vRNA,0.0000,[0 ; 0],,Plasma,6919,,,
030-103,2019-07-16,113,115447,Lanciotti_ZIKV_universal,vRNA,0.0000,[0 ; 0],,Plasma,6919,,,
030-104,2019-07-01,0,113359,Lanciotti_ZIKV_universal,vRNA,0.0000,[0 ; 0],,Plasma,6849,,,
030-104,2019-07-02,1,113776,Lanciotti_ZIKV_universal,vRNA,0.0000,[0 ; 0],,Plasma,6866,,,
030-104,2019-07-03,2,113925,Lanciotti_ZIKV_universal,vRNA,45.8417,[36 ; 56],,Plasma,6872,,,
030-104,2019-07-04,3,114674,Lanciotti_ZIKV_universal,vRNA,785.8333,[518 ; 1053],,Plasma,6903,,,
030-104,2019-07-05,4,114675,Lanciotti_ZIKV_universal,vRNA,37416.6680,[32667 ; 42167],,Plasma,6903,,,
030-104,2019-07-06,5,114676,Lanciotti_ZIKV_universal,vRNA,143416.6700,[108500 ; 178333],,Plasma,6903,,,
030-104,2019-07-07,6,114677,Lanciotti_ZIKV_universal,vRNA,114083.3360,[101833 ; 126333],,Plasma,6903,,,
030-104,2019-07-08,7,114688,Lanciotti_ZIKV_universal,vRNA,730.8333,[485 ; 977],,Plasma,6903,,,
030-104,2019-07-09,8,114689,Lanciotti_ZIKV_universal,vRNA,120.5000,[115 ; 126],,Plasma,6903,,,
030-104,2019-07-10,9,114690,Lanciotti_ZIKV_universal,vRNA,10166.6670,[9033 ; 11300],,Plasma,6903,,,
030-104,2019-07-11,10,114691,Lanciotti_ZIKV_universal,vRNA,332.1667,[139 ; 525],,Plasma,6903,,,
030-104,2019-07-15,14,114692,Lanciotti_ZIKV_universal,vRNA,414.1667,[327 ; 502],,Plasma,6903,,,
030-104,2019-07-18,17,114693,Lanciotti_ZIKV_universal,vRNA,465.0000,[458 ; 472],,Plasma,6903,,,
030-104,2019-07-22,21,115445,Lanciotti_ZIKV_universal,vRNA,102.4167,[90 ; 115],,Plasma,6919,,,
030-104,2019-07-25,24,115115,Lanciotti_ZIKV_universal,vRNA,0.0000,[0 ; 0],,Plasma,6910,,,
030-104,2019-07-29,28,115128,Lanciotti_ZIKV_universal,vRNA,199.1667,[185 ; 213],,Plasma,6910,,,
030-104,2019-08-05,35,117165,Lanciotti_ZIKV_universal,vRNA,46.4333,[11 ; 82],,Plasma,6989,,,
030-104,2019-08-08,38,117169,Lanciotti_ZIKV_universal,vRNA,1.0050,[1 ; 1],,Plasma,6989,,,
030-104,2019-08-12,42,117170,Lanciotti_ZIKV_universal,vRNA,0.0006,[0 ; 0],,Plasma,6989,,,
030-104,2019-08-15,45,117171,Lanciotti_ZIKV_universal,vRNA,0.0001,[0 ; 0],Equoivical,Plasma,6989,,,
030-104,2019-08-19,49,117022,Lanciotti_ZIKV_universal,vRNA,0.0000,[0 ; 0],,Plasma,6979,,,
030-104,2019-08-22,52,117023,Lanciotti_ZIKV_universal,vRNA,0.0000,[0],,Plasma,6979,,,
030-104,2019-08-26,56,117012,Lanciotti_ZIKV_universal,vRNA,0.0000,[0],,Plasma,6979,,,
030-104,2019-08-29,59,117025,Lanciotti_ZIKV_universal,vRNA,0.0000,[0 ; 0],,Plasma,6979,,,
030-104,2019-09-05,66,117965,Lanciotti_ZIKV_universal,vRNA,99.5000,[86 ; 113],,Plasma,7033,,,
030-104,2019-09-12,73,118024,Lanciotti_ZIKV_universal,vRNA,0.0000,[0],,Plasma,7039,,,
030-104,2019-09-19,80,121574,Lanciotti_ZIKV_universal,vRNA,6.2025,[0 ; 12],,Plasma,7224,,,
030-104,2019-09-26,87,121575,Lanciotti_ZIKV_universal,vRNA,50.7750,[2 ; 99],,Plasma,7224,,,
030-104,2019-10-03,94,121576,Lanciotti_ZIKV_universal,vRNA,0.0000,[0 ; 0],,Plasma,7224,,,
030-104,2019-10-10,101,121577,Lanciotti_ZIKV_universal,vRNA,1.3282,[0 ; 3],,Plasma,7224,,,
030-104,2019-10-14,105,121578,Lanciotti_ZIKV_universal,vRNA,0.0000,[0 ; 0],,Plasma,7224,,,
044-101,2018-08-27,0,93212,Lanciotti_ZIKV_universal,vRNA,0.0000,[0 ; 0],,Plasma,5830,,,
044-101,2018-08-28,1,93213,Lanciotti_ZIKV_universal,vRNA,41333.3320,[35667 ; 47000],,Plasma,5830,,,
044-101,2018-08-29,2,93214,Lanciotti_ZIKV_universal,vRNA,290666.6600,[286667 ; 294667],,Plasma,5830,,,
044-101,2018-08-30,3,93215,Lanciotti_ZIKV_universal,vRNA,926666.7000,[906667 ; 946667],,Plasma,5830,,,
044-101,2018-08-31,4,93216,Lanciotti_ZIKV_universal,vRNA,2921.6667,[2663 ; 3180],,Plasma,5830,,,
044-101,2018-09-01,5,93217,Lanciotti_ZIKV_universal,vRNA,468.3333,[453 ; 483],,Plasma,5830,,,
044-101,2018-09-02,6,93218,Lanciotti_ZIKV_universal,vRNA,2213.3333,[1863 ; 2563],,Plasma,5830,,,
044-101,2018-09-03,7,93219,Lanciotti_ZIKV_universal,vRNA,4366.6665,[4000 ; 4733],,Plasma,5830,,,
044-101,2018-09-04,8,93220,Lanciotti_ZIKV_universal,vRNA,4650.0000,[4167 ; 5133],,Plasma,5830,,,
044-101,2018-09-05,9,94634,Lanciotti_ZIKV_universal,vRNA,2753.5715,[2611 ; 2896],,Plasma,5912,,,
044-101,2018-09-06,10,94635,Lanciotti_ZIKV_universal,vRNA,706.6667,[613 ; 800],,Plasma,5912,,,
044-101,2018-09-10,14,94636,Lanciotti_ZIKV_universal,vRNA,186.2069,[176 ; 197],,Plasma,5912,,,
044-101,2018-09-13,17,94637,Lanciotti_ZIKV_universal,vRNA,671.6667,[590 ; 753],,Plasma,5912,,,
044-101,2018-09-17,21,94638,Lanciotti_ZIKV_universal,vRNA,316.1667,[179 ; 453],,Plasma,5912,,,
044-101,2018-09-20,24,94639,Lanciotti_ZIKV_universal,vRNA,149.1667,[74 ; 224],,Plasma,5912,,,
044-101,2018-09-24,28,94640,Lanciotti_ZIKV_universal,vRNA,1020.0000,[1007 ; 1033],,Plasma,5912,,,
044-101,2018-09-27,31,94641,Lanciotti_ZIKV_universal,vRNA,245.6667,[118 ; 373],,Plasma,5912,,,
044-101,2018-10-01,35,94642,Lanciotti_ZIKV_universal,vRNA,112.3333,[0 ; 225],Equoivical,Plasma,5912,,,
044-101,2018-10-04,38,94655,Lanciotti_ZIKV_universal,vRNA,0.0000,[0 ; 0],,Plasma,5912,,,
044-101,2018-10-08,42,94656,Lanciotti_ZIKV_universal,vRNA,103.5000,[72 ; 135],,Plasma,5912,,,
044-101,2018-10-11,45,94657,Lanciotti_ZIKV_universal,vRNA,123.5000,[0 ; 247],Equoivical,Plasma,5912,,,
044-101,2018-10-15,49,95366,Lanciotti_ZIKV_universal,vRNA,0.0000,[0 ; 0],,Plasma,5974,,,
044-101,2018-10-18,52,95367,Lanciotti_ZIKV_universal,vRNA,0.0000,[0 ; 0],,Plasma,5974,,,
044-101,2018-10-22,56,95368,Lanciotti_ZIKV_universal,vRNA,0.0000,[0 ; 0],,Plasma,5974,,,
044-101,2018-10-25,59,96572,Lanciotti_ZIKV_universal,vRNA,18.1667,[0 ; 36],Equoivical,Plasma,6031,,,
044-101,2018-10-29,63,95949,Lanciotti_ZIKV_universal,vRNA,0.0000,[0 ; 0],,Plasma,6008,,,
044-101,2018-11-01,66,95950,Lanciotti_ZIKV_universal,vRNA,0.0000,[0 ; 0],,Plasma,6008,,,
044-101,2018-11-05,70,97309,Lanciotti_ZIKV_universal,vRNA,0.0000,[0 ; 0],,Plasma,6074,,,
044-101,2018-11-08,73,97310,Lanciotti_ZIKV_universal,vRNA,0.0000,[0 ; 0],,Plasma,6074,,,
044-101,2018-11-15,80,97311,Lanciotti_ZIKV_universal,vRNA,0.0000,[0 ; 0],,Plasma,6074,,,
044-101,2018-11-19,84,98573,Lanciotti_ZIKV_universal,vRNA,57.5500,[0 ; 115],Equoivical,Plasma,6139,,,
044-101,2018-11-29,94,98577,Lanciotti_ZIKV_universal,vRNA,0.0000,[0 ; 0],,Plasma,6139,,,
044-101,2018-12-06,101,105349,Lanciotti_ZIKV_universal,vRNA,0.0000,[0 ; 0],,Plasma,6175,,,
044-101,2018-12-13,108,105350,Lanciotti_ZIKV_universal,vRNA,0.0000,[0 ; 0],,Plasma,6175,,,
044-101,2018-12-17,112,102605,Lanciotti_ZIKV_universal,vRNA,0.0000,[0 ; 0],,Plasma,6366,,,
044-102,2018-08-17,-3,108037,Lanciotti_ZIKV_universal,vRNA,0.0000,[0 ; 0],,Plasma,6577,,,
044-102,2018-08-20,0,93152,Lanciotti_ZIKV_universal,vRNA,0.0000,[0 ; 0],,Plasma,5823,,,
044-102,2018-08-21,1,93153,Lanciotti_ZIKV_universal,vRNA,132.3333,[0 ; 265],Equoivical,Plasma,5823,,,
044-102,2018-08-22,2,93154,Lanciotti_ZIKV_universal,vRNA,1081.6666,[903 ; 1260],,Plasma,5823,,,
044-102,2018-08-23,3,93167,Lanciotti_ZIKV_universal,vRNA,4043.3333,[3220 ; 4867],,Plasma,5823,,,
044-102,2018-08-24,4,93168,Lanciotti_ZIKV_universal,vRNA,565.0000,[407 ; 723],,Plasma,5823,,,
044-102,2018-08-25,5,93169,Lanciotti_ZIKV_universal,vRNA,988.3333,[887 ; 1090],,Plasma,5823,,,
044-102,2018-08-26,6,93170,Lanciotti_ZIKV_universal,vRNA,556.6667,[493 ; 620],,Plasma,5823,,,
044-102,2018-08-27,7,93171,Lanciotti_ZIKV_universal,vRNA,0.0000,[0 ; 0],,Plasma,5823,,,
044-102,2018-08-28,8,93172,Lanciotti_ZIKV_universal,vRNA,0.0000,[0 ; 0],,Plasma,5823,,,
044-102,2018-08-29,9,93173,Lanciotti_ZIKV_universal,vRNA,0.0000,[0 ; 0],,Plasma,5823,,,
044-102,2018-08-30,10,93174,Lanciotti_ZIKV_universal,vRNA,0.0000,[0 ; 0],,Plasma,5823,,,
044-102,2018-09-04,15,93175,Lanciotti_ZIKV_universal,vRNA,0.0000,[0 ; 0],,Plasma,5823,,,
044-102,2018-09-06,17,94632,Lanciotti_ZIKV_universal,vRNA,0.0000,[0 ; 0],,Plasma,5912,,,
044-102,2018-09-10,21,94633,Lanciotti_ZIKV_universal,vRNA,0.0000,[0 ; 0],,Plasma,5912,,,
044-102,2018-09-13,24,94683,Lanciotti_ZIKV_universal,vRNA,0.0000,[0 ; 0],,Plasma,5912,,,
044-102,2018-09-17,28,94684,Lanciotti_ZIKV_universal,vRNA,0.0000,[0 ; 0],,Plasma,5912,,,
044-102,2018-09-20,31,94685,Lanciotti_ZIKV_universal,vRNA,0.0000,[0 ; 0],,Plasma,5912,,,
044-102,2018-09-27,38,94686,Lanciotti_ZIKV_universal,vRNA,0.0000,[0 ; 0],,Plasma,5912,,,
044-102,2018-10-04,45,94687,Lanciotti_ZIKV_universal,vRNA,0.0000,[0 ; 0],,Plasma,5912,,,
044-102,2018-10-11,52,94688,Lanciotti_ZIKV_universal,vRNA,0.0000,[0 ; 0],,Plasma,5912,,,
044-102,2018-10-18,59,95945,Lanciotti_ZIKV_universal,vRNA,0.0000,[0 ; 0],,Plasma,6008,,,
044-102,2018-10-25,66,95946,Lanciotti_ZIKV_universal,vRNA,0.0000,[0 ; 0],,Plasma,6008,,,
044-102,2018-11-01,73,95947,Lanciotti_ZIKV_universal,vRNA,0.0000,[0 ; 0],,Plasma,6008,,,
044-102,2018-11-08,80,97307,Lanciotti_ZIKV_universal,vRNA,0.0000,[0 ; 0],,Plasma,6074,,,
044-102,2018-11-15,87,97308,Lanciotti_ZIKV_universal,vRNA,0.0000,[0 ; 0],,Plasma,6074,,,
044-102,2018-11-19,91,105270,Lanciotti_ZIKV_universal,vRNA,0.0000,[0 ; 0],,Plasma,6167,,,
044-102,2018-11-29,101,105271,Lanciotti_ZIKV_universal,vRNA,0.0000,[0 ; 0],,Plasma,6167,,,
044-102,2018-12-06,108,105272,Lanciotti_ZIKV_universal,vRNA,0.0000,[0 ; 0],,Plasma,6167,,,
044-102,2018-12-13,115,105273,Lanciotti_ZIKV_universal,vRNA,0.0000,[0 ; 0],,Plasma,6167,,,
044-103,2018-08-07,-6,92597,Lanciotti_ZIKV_universal,vRNA,0.0000,[0 ; 0],,Plasma,5797,,,
044-103,2018-08-13,0,92598,Lanciotti_ZIKV_universal,vRNA,0.0000,[0 ; 0],,Plasma,5797,,,
044-103,2018-08-14,1,92611,Lanciotti_ZIKV_universal,vRNA,2016.6666,[1860 ; 2173],,Plasma,5797,,,
044-103,2018-08-15,2,92752,Lanciotti_ZIKV_universal,vRNA,983.6735,[971 ; 996],,Plasma,5802,,,
044-103,2018-08-16,3,93221,Lanciotti_ZIKV_universal,vRNA,4866.6665,[4867 ; 4867],,Plasma,5830,,,
044-103,2018-08-17,4,93222,Lanciotti_ZIKV_universal,vRNA,426.6667,[413 ; 440],,Plasma,5830,,,
044-103,2018-08-18,5,93235,Lanciotti_ZIKV_universal,vRNA,266.5000,[200 ; 333],,Plasma,5830,,,
044-103,2018-08-19,6,93236,Lanciotti_ZIKV_universal,vRNA,185.3333,[156 ; 214],,Plasma,5830,,,
044-103,2018-08-20,7,93237,Lanciotti_ZIKV_universal,vRNA,17.1667,[0 ; 34],Equoivical,Plasma,5830,,,
044-103,2018-08-21,8,93238,Lanciotti_ZIKV_universal,vRNA,67.0000,[0 ; 134],Equoivical,Plasma,5830,,,
044-103,2018-08-22,9,93239,Lanciotti_ZIKV_universal,vRNA,10.0500,[0 ; 20],Equoivical,Plasma,5830,,,
044-103,2018-08-23,10,93240,Lanciotti_ZIKV_universal,vRNA,31.1667,[0 ; 62],Equoivical,Plasma,5830,,,
044-103,2018-08-28,15,93241,Lanciotti_ZIKV_universal,vRNA,0.0000,[0 ; 0],,Plasma,5830,,,
044-103,2018-08-31,18,93242,Lanciotti_ZIKV_universal,vRNA,0.0000,[0 ; 0],,Plasma,5830,,,
044-103,2018-09-04,22,93243,Lanciotti_ZIKV_universal,vRNA,0.0000,[0 ; 0],,Plasma,5830,,,
044-103,2018-09-06,24,94689,Lanciotti_ZIKV_universal,vRNA,0.0000,[0 ; 0],,Plasma,5912,,,
044-103,2018-09-10,28,94690,Lanciotti_ZIKV_universal,vRNA,0.0000,[0 ; 0],,Plasma,5912,,,
044-103,2018-09-13,31,94781,Lanciotti_ZIKV_universal,vRNA,0.0000,[0 ; 0],,Plasma,5924,,,
044-103,2018-09-17,35,94782,Lanciotti_ZIKV_universal,vRNA,0.0000,[0 ; 0],,Plasma,5924,,,
044-103,2018-09-20,38,94783,Lanciotti_ZIKV_universal,vRNA,0.0000,[0 ; 0],,Plasma,5924,,,
044-103,2018-09-27,45,94784,Lanciotti_ZIKV_universal,vRNA,0.0000,[0 ; 0],,Plasma,5924,,,
044-103,2018-10-04,52,94785,Lanciotti_ZIKV_universal,vRNA,0.0000,[0 ; 0],,Plasma,5924,,,
044-103,2018-10-11,59,94786,Lanciotti_ZIKV_universal,vRNA,0.0000,[0 ; 0],,Plasma,5924,,,
044-103,2018-10-18,66,95951,Lanciotti_ZIKV_universal,vRNA,0.0000,[0 ; 0],,Plasma,6008,,,
044-103,2018-10-25,73,95952,Lanciotti_ZIKV_universal,vRNA,0.0000,[0 ; 0],,Plasma,6008,,,
044-103,2018-11-01,80,95958,Lanciotti_ZIKV_universal,vRNA,0.0000,[0 ; 0],,Plasma,6008,,,
044-103,2018-11-08,87,97312,Lanciotti_ZIKV_universal,vRNA,0.0000,[0 ; 0],,Plasma,6074,,,
044-103,2018-11-15,94,97325,Lanciotti_ZIKV_universal,vRNA,0.0000,[0 ; 0],,Plasma,6074,,,
044-103,2018-11-19,98,105275,Lanciotti_ZIKV_universal,vRNA,0.0000,[0 ; 0],,Plasma,6167,,,
044-103,2018-11-29,108,105286,Lanciotti_ZIKV_universal,vRNA,0.0000,[0 ; 0],,Plasma,6167,,,
044-103,2018-12-05,114,105287,Lanciotti_ZIKV_universal,vRNA,0.0000,[0 ; 0],,Plasma,6167,,,
044-104,2018-07-31,-6,91720,Lanciotti_ZIKV_universal,vRNA,0.0000,[0 ; 0],,Plasma,5738,,,
044-104,2018-08-06,0,92473,Lanciotti_ZIKV_universal,vRNA,0.0000,[0 ; 0],,Plasma,5793,,,
044-104,2018-08-07,1,92616,Lanciotti_ZIKV_universal,vRNA,4733.3335,[4700 ; 4767],,Plasma,5797,,,
044-104,2018-08-08,2,92617,Lanciotti_ZIKV_universal,vRNA,21933.3340,[21067 ; 22800],,Plasma,5797,,,
044-104,2018-08-09,3,92618,Lanciotti_ZIKV_universal,vRNA,98666.6640,[96333 ; 101000],,Plasma,5797,,,
044-104,2018-08-10,4,92619,Lanciotti_ZIKV_universal,vRNA,11533.3330,[10567 ; 12500],,Plasma,5797,,,
044-104,2018-08-11,5,92620,Lanciotti_ZIKV_universal,vRNA,11816.6670,[11333 ; 12300],,Plasma,5797,,,
044-104,2018-08-12,6,92758,Lanciotti_ZIKV_universal,vRNA,3190.0828,[3132 ; 3248],,Plasma,5802,,,
044-104,2018-08-13,7,92621,Lanciotti_ZIKV_universal,vRNA,733.3333,[480 ; 987],,Plasma,5797,,,
044-104,2018-08-14,8,92771,Lanciotti_ZIKV_universal,vRNA,304.6809,[264 ; 345],,Plasma,5802,,,
044-104,2018-08-15,9,93244,Lanciotti_ZIKV_universal,vRNA,0.0000,[0 ; 0],,Plasma,5830,,,
044-104,2018-08-16,10,93245,Lanciotti_ZIKV_universal,vRNA,130.3333,[0 ; 261],Equoivical,Plasma,5830,,,
044-104,2018-08-21,15,93246,Lanciotti_ZIKV_universal,vRNA,0.0000,[0 ; 0],,Plasma,5830,,,
044-104,2018-08-24,18,93252,Lanciotti_ZIKV_universal,vRNA,0.0000,[0 ; 0],,Plasma,5830,,,
044-104,2018-08-28,22,93253,Lanciotti_ZIKV_universal,vRNA,0.0000,[0 ; 0],,Plasma,5830,,,
044-104,2018-08-31,25,93254,Lanciotti_ZIKV_universal,vRNA,0.0000,[0 ; 0],,Plasma,5830,,,
044-104,2018-09-04,29,93255,Lanciotti_ZIKV_universal,vRNA,0.0000,[0 ; 0],,Plasma,5830,,,
044-104,2018-09-06,31,94658,Lanciotti_ZIKV_universal,vRNA,0.0000,[0 ; 0],,Plasma,5912,,,
044-104,2018-09-10,35,94659,Lanciotti_ZIKV_universal,vRNA,0.0000,[0 ; 0],,Plasma,5912,,,
044-104,2018-09-13,38,94660,Lanciotti_ZIKV_universal,vRNA,0.0000,[0 ; 0],,Plasma,5912,,,
044-104,2018-09-17,42,94661,Lanciotti_ZIKV_universal,vRNA,0.0000,[0 ; 0],,Plasma,5912,,,
044-104,2018-09-20,45,94662,Lanciotti_ZIKV_universal,vRNA,0.0000,[0 ; 0],,Plasma,5912,,,
044-104,2018-09-27,52,94663,Lanciotti_ZIKV_universal,vRNA,0.0000,[0 ; 0],,Plasma,5912,,,
044-104,2018-10-11,66,94664,Lanciotti_ZIKV_universal,vRNA,0.0000,[0 ; 0],,Plasma,5912,,,
044-104,2018-10-18,73,95959,Lanciotti_ZIKV_universal,vRNA,0.0000,[0 ; 0],,Plasma,6008,,,
044-104,2018-10-25,80,95960,Lanciotti_ZIKV_universal,vRNA,0.0000,[0 ; 0],,Plasma,6008,,,
044-104,2018-11-01,87,95961,Lanciotti_ZIKV_universal,vRNA,0.0000,[0 ; 0],,Plasma,6008,,,
044-104,2018-11-08,94,97326,Lanciotti_ZIKV_universal,vRNA,0.0000,[0 ; 0],,Plasma,6074,,,
044-104,2018-11-15,101,97327,Lanciotti_ZIKV_universal,vRNA,0.0000,[0 ; 0],,Plasma,6074,,,
044-104,2018-11-19,105,98574,Lanciotti_ZIKV_universal,vRNA,0.0000,[0 ; 0],,Plasma,6139,,,
044-104,2018-11-28,114,98575,Lanciotti_ZIKV_universal,vRNA,0.0000,[0 ; 0],,Plasma,6139,,,